,SEASON_YEAR,TEAM_ID,TEAM_ABBREVIATION,TEAM_NAME,GAME_ID,GAME_DATE,MATCHUP,WL,MIN,FGM,FGA,FG_PCT,FG3M,FG3A,FG3_PCT,FTM,FTA,FT_PCT,OREB,DREB,REB,AST,TOV,STL,BLK,BLKA,PF,PFD,PTS,PLUS_MINUS,E_OFF_RATING,OFF_RATING,E_DEF_RATING,DEF_RATING,E_NET_RATING,NET_RATING,AST_PCT,AST_TO,AST_RATIO,OREB_PCT,DREB_PCT,REB_PCT,TM_TOV_PCT,EFG_PCT,TS_PCT,E_PACE,PACE,PACE_PER40,POSS,PIE
0,2020-21,1610612759,SAS,San Antonio Spurs,0022000089,2021-01-03T00:00:00,SAS vs. UTA,L,48.0,44,105,0.419,6,19,0.316,15,21,0.714,14,31,45,23,7.0,13,4,11,16,18,109,-21.0,101.6,102.8,120.0,121.5,-18.3,-18.7,0.523,3.29,16.0,0.234,0.705,0.426,0.066,0.448,0.477,107.8,106.5,88.75,106,0.413
1,2020-21,1610612743,DEN,Denver Nuggets,0022000088,2021-01-03T00:00:00,DEN @ MIN,W,48.0,45,92,0.489,19,45,0.422,15,21,0.714,13,30,43,34,15.0,6,4,6,11,17,124,15.0,120.1,126.5,112.3,113.5,7.8,13.0,0.756,2.27,22.2,0.431,0.75,0.579,0.153,0.592,0.612,100.1,97.0,80.83,98,0.535
2,2020-21,1610612744,GSW,Golden State Warriors,0022000092,2021-01-03T00:00:00,GSW vs. POR,W,48.0,49,88,0.557,13,34,0.382,26,34,0.765,11,42,53,23,15.0,4,7,2,24,27,137,15.0,128.1,126.9,108.4,115.1,19.7,11.8,0.469,1.53,15.9,0.326,0.7,0.544,0.139,0.631,0.665,109.7,107.0,89.17,108,0.626
3,2020-21,1610612747,LAL,Los Angeles Lakers,0022000087,2021-01-03T00:00:00,LAL @ MEM,W,48.0,41,89,0.461,12,35,0.343,14,19,0.737,12,37,49,24,10.0,9,5,3,15,18,108,14.0,113.3,114.9,96.4,97.9,16.9,17.0,0.585,2.4,18.2,0.275,0.684,0.491,0.106,0.528,0.555,96.4,95.0,79.17,94,0.577
4,2020-21,1610612756,PHX,Phoenix Suns,0022000091,2021-01-03T00:00:00,PHX vs. LAC,L,48.0,37,75,0.493,10,33,0.303,23,28,0.821,7,33,40,23,14.0,4,3,2,22,22,107,-5.0,113.4,115.1,120.0,120.4,-6.5,-5.4,0.622,1.64,18.3,0.25,0.75,0.512,0.151,0.56,0.613,93.8,93.0,77.5,93,0.492
5,2020-21,1610612741,CHI,Chicago Bulls,0022000090,2021-01-03T00:00:00,CHI vs. DAL,W,48.0,39,85,0.459,13,37,0.351,27,30,0.9,11,37,48,16,16.0,11,2,4,24,27,118,10.0,114.3,116.8,104.0,105.9,10.4,10.9,0.41,1.0,12.2,0.292,0.709,0.515,0.158,0.535,0.601,103.5,101.5,84.58,101,0.569
6,2020-21,1610612762,UTA,Utah Jazz,0022000089,2021-01-03T00:00:00,UTA @ SAS,W,48.0,49,89,0.551,21,41,0.512,11,19,0.579,9,48,57,29,20.0,4,11,4,18,16,130,21.0,120.0,121.5,101.6,102.8,18.3,18.7,0.592,1.45,19.6,0.295,0.766,0.574,0.187,0.669,0.668,107.8,106.5,88.75,107,0.587
7,2020-21,1610612750,MIN,Minnesota Timberwolves,0022000088,2021-01-03T00:00:00,MIN vs. DEN,L,48.0,44,85,0.518,10,31,0.323,11,16,0.688,9,27,36,30,14.0,11,6,4,17,11,109,-15.0,112.3,113.5,120.1,126.5,-7.8,-13.0,0.682,2.14,21.9,0.25,0.569,0.421,0.146,0.576,0.592,100.1,97.0,80.83,96,0.465
8,2020-21,1610612751,BKN,Brooklyn Nets,0022000086,2021-01-03T00:00:00,BKN vs. WAS,L,48.0,40,81,0.494,14,32,0.438,28,31,0.903,7,44,51,25,20.0,5,9,3,24,22,122,-1.0,113.3,113.0,108.9,112.8,4.5,0.1,0.625,1.25,17.9,0.163,0.712,0.495,0.185,0.58,0.645,110.3,108.5,90.42,108,0.527
9,2020-21,1610612765,DET,Detroit Pistons,0022000085,2021-01-03T00:00:00,DET vs. BOS,L,48.0,41,86,0.477,16,36,0.444,22,25,0.88,8,25,33,29,10.0,8,7,5,16,22,120,-2.0,121.2,126.3,123.6,128.4,-2.4,-2.1,0.707,2.9,21.2,0.319,0.619,0.461,0.105,0.57,0.619,98.9,95.0,79.17,95,0.498
10,2020-21,1610612764,WAS,Washington Wizards,0022000086,2021-01-03T00:00:00,WAS @ BKN,W,48.0,43,104,0.413,12,33,0.364,25,34,0.735,13,36,49,27,7.0,9,3,9,22,24,123,1.0,108.9,112.8,113.3,113.0,-4.5,-0.1,0.628,3.86,17.5,0.288,0.837,0.505,0.064,0.471,0.517,110.3,108.5,90.42,109,0.473
11,2020-21,1610612738,BOS,Boston Celtics,0022000085,2021-01-03T00:00:00,BOS @ DET,W,48.0,49,87,0.563,15,33,0.455,9,13,0.692,12,29,41,35,18.0,4,5,7,22,16,122,2.0,123.6,128.4,121.2,126.3,2.4,2.1,0.714,1.94,24.0,0.381,0.681,0.539,0.189,0.649,0.658,98.9,95.0,79.17,95,0.502
12,2020-21,1610612742,DAL,Dallas Mavericks,0022000090,2021-01-03T00:00:00,DAL @ CHI,L,48.0,39,88,0.443,11,42,0.262,19,27,0.704,11,30,41,23,15.0,6,4,2,27,24,108,-10.0,104.0,105.9,114.3,116.8,-10.4,-10.9,0.59,1.53,16.3,0.291,0.708,0.485,0.147,0.506,0.541,103.5,101.5,84.58,102,0.431
13,2020-21,1610612746,LAC,LA Clippers,0022000091,2021-01-03T00:00:00,LAC @ PHX,W,48.0,40,83,0.482,17,29,0.586,15,19,0.789,8,29,37,24,10.0,5,2,3,22,22,112,5.0,120.0,120.4,113.4,115.1,6.5,5.4,0.6,2.4,18.8,0.25,0.75,0.488,0.108,0.584,0.613,93.8,93.0,77.5,93,0.508
14,2020-21,1610612763,MEM,Memphis Grizzlies,0022000087,2021-01-03T00:00:00,MEM vs. LAL,L,48.0,39,95,0.411,9,33,0.273,7,8,0.875,14,36,50,23,13.0,6,3,5,18,15,94,-14.0,96.4,97.9,113.3,114.9,-16.9,-17.0,0.59,1.77,16.9,0.316,0.725,0.509,0.135,0.458,0.477,96.4,95.0,79.17,96,0.423
15,2020-21,1610612757,POR,Portland Trail Blazers,0022000092,2021-01-03T00:00:00,POR @ GSW,L,48.0,41,98,0.418,14,43,0.326,26,33,0.788,12,28,40,16,12.0,7,2,7,27,24,122,-15.0,108.4,115.1,128.1,126.9,-19.7,-11.8,0.39,1.33,11.4,0.3,0.674,0.456,0.113,0.49,0.542,109.7,107.0,89.17,106,0.374
16,2020-21,1610612760,OKC,Oklahoma City Thunder,0022000081,2021-01-02T00:00:00,OKC @ ORL,W,48.0,38,86,0.442,13,41,0.317,19,21,0.905,6,46,52,22,12.0,5,4,2,17,18,108,9.0,106.7,106.9,94.9,100.0,11.7,6.9,0.579,1.83,16.9,0.163,0.725,0.492,0.119,0.517,0.567,102.8,100.0,83.33,101,0.571
17,2020-21,1610612739,CLE,Cleveland Cavaliers,0022000083,2021-01-02T00:00:00,CLE @ ATL,W,48.0,38,91,0.418,7,29,0.241,13,17,0.765,15,31,46,19,15.0,10,2,5,21,20,96,5.0,97.5,100.0,90.7,93.8,6.8,6.2,0.5,1.27,14.5,0.304,0.643,0.473,0.156,0.456,0.487,99.4,96.5,80.42,96,0.528
18,2020-21,1610612740,NOP,New Orleans Pelicans,0022000084,2021-01-02T00:00:00,NOP vs. TOR,W,48.0,35,83,0.422,14,38,0.368,36,47,0.766,15,36,51,26,13.0,5,7,4,18,29,120,4.0,118.0,122.4,113.9,117.2,4.2,5.3,0.743,2.0,18.1,0.392,0.722,0.562,0.133,0.506,0.579,101.8,98.5,82.08,98,0.554
19,2020-21,1610612752,NYK,New York Knicks,0022000080,2021-01-02T00:00:00,NYK @ IND,W,48.0,42,83,0.506,12,27,0.444,10,13,0.769,10,41,51,23,16.0,4,3,4,16,21,106,4.0,111.9,112.8,106.3,109.7,5.6,3.1,0.548,1.44,17.6,0.333,0.846,0.617,0.17,0.578,0.597,95.3,93.5,77.92,94,0.571
20,2020-21,1610612745,HOU,Houston Rockets,0022000079,2021-01-02T00:00:00,HOU vs. SAC,W,48.0,36,80,0.45,13,41,0.317,17,23,0.739,6,42,48,15,14.0,10,10,4,22,21,102,8.0,104.0,104.1,93.8,96.9,10.2,7.2,0.417,1.07,12.4,0.2,0.717,0.495,0.143,0.531,0.566,99.2,97.5,81.25,98,0.623
21,2020-21,1610612754,IND,Indiana Pacers,0022000080,2021-01-02T00:00:00,IND vs. NYK,L,48.0,34,84,0.405,19,50,0.38,15,18,0.833,5,27,32,22,9.0,6,4,3,21,16,102,-4.0,106.3,109.7,111.9,112.8,-5.6,-3.1,0.647,2.44,17.9,0.154,0.667,0.383,0.097,0.518,0.555,95.3,93.5,77.92,93,0.429
22,2020-21,1610612755,PHI,Philadelphia 76ers,0022000082,2021-01-02T00:00:00,PHI vs. CHA,W,48.0,47,79,0.595,16,35,0.457,17,24,0.708,7,38,45,35,22.0,10,7,5,17,18,127,15.0,121.5,123.3,110.4,107.7,11.1,15.6,0.745,1.59,23.8,0.257,0.727,0.544,0.214,0.696,0.709,103.0,103.5,86.25,103,0.559
23,2020-21,1610612753,ORL,Orlando Magic,0022000081,2021-01-02T00:00:00,ORL vs. OKC,L,48.0,40,108,0.37,10,38,0.263,9,12,0.75,15,40,55,21,6.0,7,2,4,18,17,99,-9.0,94.9,100.0,106.7,106.9,-11.7,-6.9,0.525,3.5,15.1,0.275,0.837,0.508,0.061,0.417,0.437,102.8,100.0,83.33,99,0.429
24,2020-21,1610612766,CHA,Charlotte Hornets,0022000082,2021-01-02T00:00:00,CHA @ PHI,L,48.0,38,92,0.413,13,35,0.371,23,26,0.885,14,26,40,34,12.0,15,5,7,18,17,112,-15.0,110.4,107.7,121.5,123.3,-11.1,-15.6,0.895,2.83,22.2,0.273,0.743,0.456,0.115,0.484,0.541,103.0,103.5,86.25,104,0.441
25,2020-21,1610612758,SAC,Sacramento Kings,0022000079,2021-01-02T00:00:00,SAC @ HOU,L,48.0,35,90,0.389,9,28,0.321,15,21,0.714,14,33,47,11,15.0,5,4,10,21,22,94,-8.0,93.8,96.9,104.0,104.1,-10.2,-7.2,0.314,0.73,8.8,0.283,0.8,0.505,0.155,0.439,0.474,99.2,97.5,81.25,97,0.377
26,2020-21,1610612737,ATL,Atlanta Hawks,0022000083,2021-01-02T00:00:00,ATL vs. CLE,L,48.0,35,85,0.412,11,32,0.344,10,19,0.526,15,33,48,22,22.0,9,5,2,20,21,91,-5.0,90.7,93.8,97.5,100.0,-6.8,-6.2,0.629,1.0,16.1,0.357,0.696,0.527,0.227,0.476,0.487,99.4,96.5,80.42,97,0.472
27,2020-21,1610612761,TOR,Toronto Raptors,0022000084,2021-01-02T00:00:00,TOR @ NOP,L,48.0,38,91,0.418,14,48,0.292,26,27,0.963,10,29,39,21,9.0,6,4,7,29,18,116,-4.0,113.9,117.2,118.0,122.4,-4.2,-5.3,0.553,2.33,15.6,0.278,0.608,0.438,0.091,0.495,0.564,101.8,98.5,82.08,99,0.446
28,2020-21,1610612744,GSW,Golden State Warriors,0022000078,2021-01-01T00:00:00,GSW vs. POR,L,48.0,31,79,0.392,7,35,0.2,29,33,0.879,3,41,44,19,15.0,4,9,3,28,27,98,-25.0,92.9,95.1,114.7,119.4,-21.9,-24.3,0.613,1.27,14.7,0.14,0.764,0.467,0.146,0.437,0.524,106.4,103.0,85.83,103,0.4
29,2020-21,1610612747,LAL,Los Angeles Lakers,0022000075,2021-01-01T00:00:00,LAL @ SAS,W,48.0,41,101,0.406,14,33,0.424,13,16,0.813,16,42,58,27,13.0,8,7,8,20,20,109,6.0,103.8,106.9,101.5,103.0,2.2,3.9,0.659,2.08,18.1,0.371,0.808,0.57,0.127,0.475,0.504,103.2,101.0,84.17,102,0.547
30,2020-21,1610612762,UTA,Utah Jazz,0022000077,2021-01-01T00:00:00,UTA vs. LAC,W,48.0,41,89,0.461,15,42,0.357,9,14,0.643,13,33,46,28,14.0,3,3,8,20,16,106,6.0,110.2,115.2,106.9,109.9,3.3,5.3,0.683,2.0,20.3,0.365,0.698,0.533,0.152,0.545,0.557,94.9,91.5,76.25,92,0.517
31,2020-21,1610612757,POR,Portland Trail Blazers,0022000078,2021-01-01T00:00:00,POR @ GSW,W,48.0,40,92,0.435,20,43,0.465,23,30,0.767,8,43,51,23,10.0,11,3,9,27,28,123,25.0,114.7,119.4,92.9,95.1,21.9,24.3,0.575,2.3,16.5,0.236,0.86,0.533,0.097,0.543,0.585,106.4,103.0,85.83,103,0.6
32,2020-21,1610612741,CHI,Chicago Bulls,0022000073,2021-01-01T00:00:00,CHI @ MIL,L,48.0,38,87,0.437,6,26,0.231,14,20,0.7,6,36,42,18,21.0,10,6,6,21,19,96,-30.0,86.6,86.5,114.3,115.6,-27.7,-29.1,0.474,0.86,13.1,0.173,0.844,0.485,0.189,0.471,0.501,110.5,110.0,91.67,111,0.357
33,2020-21,1610612766,CHA,Charlotte Hornets,0022000069,2021-01-01T00:00:00,CHA vs. MEM,L,48.0,35,86,0.407,9,31,0.29,14,21,0.667,10,32,42,23,19.0,9,4,6,15,18,93,-15.0,89.2,93.0,106.5,106.9,-17.3,-13.9,0.657,1.21,16.8,0.255,0.714,0.471,0.19,0.459,0.488,102.8,100.5,83.75,100,0.387
34,2020-21,1610612756,PHX,Phoenix Suns,0022000076,2021-01-01T00:00:00,PHX @ DEN,W,48.0,37,76,0.487,13,35,0.371,19,21,0.905,8,29,37,24,17.0,1,4,1,20,25,106,3.0,112.5,114.0,107.2,110.8,5.2,3.2,0.649,1.41,18.8,0.268,0.696,0.494,0.183,0.572,0.622,95.1,93.0,77.5,93,0.504
35,2020-21,1610612764,WAS,Washington Wizards,0022000074,2021-01-01T00:00:00,WAS @ MIN,W,48.0,49,89,0.551,16,33,0.485,16,21,0.762,8,35,43,35,16.0,9,3,3,19,22,130,21.0,122.4,123.8,102.6,104.8,19.8,19.0,0.714,2.19,23.3,0.233,0.745,0.511,0.152,0.64,0.662,106.2,104.5,87.08,105,0.636
36,2020-21,1610612738,BOS,Boston Celtics,0022000070,2021-01-01T00:00:00,BOS @ DET,L,48.0,39,83,0.47,8,31,0.258,7,14,0.5,7,38,45,20,21.0,12,10,2,20,16,93,-3.0,90.2,90.3,93.4,95.0,-3.2,-4.8,0.513,0.95,15.2,0.234,0.722,0.495,0.204,0.518,0.522,103.0,102.0,85.0,103,0.526
37,2020-21,1610612765,DET,Detroit Pistons,0022000070,2021-01-01T00:00:00,DET vs. BOS,W,48.0,36,88,0.409,11,34,0.324,13,20,0.65,13,35,48,18,19.0,9,2,10,16,20,96,3.0,93.4,95.0,90.2,90.3,3.2,4.8,0.5,0.95,13.4,0.278,0.766,0.505,0.188,0.472,0.496,103.0,102.0,85.0,101,0.474
38,2020-21,1610612742,DAL,Dallas Mavericks,0022000071,2021-01-01T00:00:00,DAL vs. MIA,W,48.0,32,78,0.41,12,37,0.324,17,23,0.739,4,45,49,18,17.0,9,3,2,25,24,93,10.0,92.0,93.9,83.0,85.6,9.0,8.4,0.563,1.06,14.1,0.224,0.833,0.544,0.172,0.487,0.528,100.6,98.0,81.67,99,0.569
39,2020-21,1610612751,BKN,Brooklyn Nets,0022000072,2021-01-01T00:00:00,BKN vs. ATL,L,48.0,35,86,0.407,7,37,0.189,19,23,0.826,10,35,45,19,15.0,6,6,3,16,20,96,-18.0,94.9,96.0,113.8,115.2,-18.9,-19.2,0.543,1.27,14.3,0.283,0.745,0.51,0.15,0.448,0.499,100.6,99.5,82.92,100,0.42
40,2020-21,1610612763,MEM,Memphis Grizzlies,0022000069,2021-01-01T00:00:00,MEM @ CHA,W,48.0,43,90,0.478,14,39,0.359,8,10,0.8,10,38,48,34,17.0,10,6,4,18,15,108,15.0,106.5,106.9,89.2,93.0,17.3,13.9,0.791,2.0,23.0,0.286,0.745,0.529,0.168,0.556,0.572,102.8,100.5,83.75,101,0.613
41,2020-21,1610612748,MIA,Miami Heat,0022000071,2021-01-01T00:00:00,MIA @ DAL,L,48.0,29,78,0.372,7,33,0.212,18,25,0.72,5,36,41,20,16.0,10,2,3,24,25,83,-10.0,83.0,85.6,92.0,93.9,-9.0,-8.4,0.69,1.25,15.9,0.167,0.776,0.456,0.165,0.417,0.466,100.6,98.0,81.67,97,0.431
42,2020-21,1610612737,ATL,Atlanta Hawks,0022000072,2021-01-01T00:00:00,ATL @ BKN,W,48.0,43,93,0.462,16,39,0.41,12,14,0.857,10,38,48,24,11.0,8,3,6,20,16,114,18.0,113.8,115.2,94.9,96.0,18.9,19.2,0.558,2.18,17.6,0.255,0.717,0.49,0.111,0.548,0.575,100.6,99.5,82.92,99,0.58
43,2020-21,1610612749,MIL,Milwaukee Bucks,0022000073,2021-01-01T00:00:00,MIL vs. CHI,W,48.0,42,85,0.494,22,45,0.489,20,30,0.667,5,39,44,27,17.0,16,6,6,19,21,126,30.0,114.3,115.6,86.6,86.5,27.7,29.1,0.643,1.59,18.9,0.156,0.827,0.515,0.156,0.624,0.642,110.5,110.0,91.67,109,0.643
44,2020-21,1610612759,SAS,San Antonio Spurs,0022000075,2021-01-01T00:00:00,SAS vs. LAL,L,48.0,36,85,0.424,13,34,0.382,18,26,0.692,8,37,45,23,13.0,3,8,7,20,20,103,-6.0,101.5,103.0,103.8,106.9,-2.2,-3.9,0.639,1.77,17.3,0.192,0.629,0.43,0.13,0.5,0.534,103.2,101.0,84.17,100,0.453
45,2020-21,1610612750,MIN,Minnesota Timberwolves,0022000074,2021-01-01T00:00:00,MIN vs. WAS,L,48.0,42,88,0.477,13,36,0.361,12,21,0.571,11,32,43,17,20.0,9,3,3,22,19,109,-21.0,102.6,104.8,122.4,123.8,-19.8,-19.0,0.405,0.85,12.7,0.255,0.767,0.489,0.192,0.551,0.56,106.2,104.5,87.08,104,0.364
46,2020-21,1610612746,LAC,LA Clippers,0022000077,2021-01-01T00:00:00,LAC @ UTA,L,48.0,33,85,0.388,13,33,0.394,21,24,0.875,12,31,43,19,10.0,6,8,3,16,20,100,-6.0,106.9,109.9,110.2,115.2,-3.3,-5.3,0.576,1.9,15.1,0.302,0.635,0.467,0.11,0.465,0.523,94.9,91.5,76.25,91,0.483
47,2020-21,1610612743,DEN,Denver Nuggets,0022000076,2021-01-01T00:00:00,DEN vs. PHX,L,48.0,39,85,0.459,12,29,0.414,13,16,0.813,8,30,38,28,12.0,7,1,4,25,20,103,-3.0,107.2,110.8,112.5,114.0,-5.2,-3.2,0.718,2.33,20.7,0.304,0.732,0.506,0.129,0.529,0.56,95.1,93.0,77.5,93,0.496
48,2020-21,1610612755,PHI,Philadelphia 76ers,0022000064,2020-12-31T00:00:00,PHI @ ORL,W,48.0,44,91,0.484,15,33,0.455,13,15,0.867,7,47,54,23,15.0,7,10,5,23,15,116,24.0,109.8,112.6,87.4,89.3,22.4,23.3,0.523,1.53,17.2,0.208,0.794,0.541,0.146,0.566,0.594,105.4,103.0,85.83,103,0.633
49,2020-21,1610612761,TOR,Toronto Raptors,0022000066,2020-12-31T00:00:00,TOR vs. NYK,W,48.0,34,83,0.41,17,52,0.327,15,21,0.714,9,44,53,21,18.0,7,6,3,22,21,100,17.0,98.8,99.0,80.0,82.2,18.8,16.8,0.618,1.17,15.8,0.208,0.783,0.513,0.178,0.512,0.542,102.5,101.0,84.17,101,0.593
50,2020-21,1610612762,UTA,Utah Jazz,0022000068,2020-12-31T00:00:00,UTA vs. PHX,L,48.0,35,84,0.417,12,34,0.353,13,19,0.684,10,36,46,16,14.0,8,3,6,15,17,95,-11.0,98.6,97.9,107.7,108.2,-9.1,-10.2,0.457,1.14,12.8,0.235,0.818,0.505,0.144,0.488,0.514,97.4,97.5,81.25,97,0.435
51,2020-21,1610612739,CLE,Cleveland Cavaliers,0022000062,2020-12-31T00:00:00,CLE @ IND,L,48.0,37,82,0.451,12,23,0.522,13,24,0.542,11,32,43,22,18.0,5,6,1,22,22,99,-20.0,99.4,100.0,116.0,120.2,-16.6,-20.2,0.595,1.22,16.3,0.28,0.745,0.505,0.182,0.524,0.535,101.1,99.0,82.5,99,0.384
52,2020-21,1610612758,SAC,Sacramento Kings,0022000065,2020-12-31T00:00:00,SAC @ HOU,L,48.0,45,96,0.469,11,33,0.333,18,24,0.75,14,31,45,23,15.0,11,5,6,21,14,119,-3.0,110.6,111.2,116.2,114.0,-5.6,-2.8,0.511,1.53,15.9,0.291,0.778,0.51,0.14,0.526,0.558,106.3,107.0,89.17,107,0.452
53,2020-21,1610612740,NOP,New Orleans Pelicans,0022000067,2020-12-31T00:00:00,NOP @ OKC,W,48.0,44,91,0.484,13,36,0.361,12,19,0.632,14,44,58,23,13.0,9,4,3,16,20,113,33.0,114.9,115.3,81.1,81.6,33.7,33.7,0.523,1.77,16.8,0.32,0.818,0.581,0.133,0.555,0.569,98.5,98.0,81.67,98,0.701
54,2020-21,1610612753,ORL,Orlando Magic,0022000064,2020-12-31T00:00:00,ORL vs. PHI,L,48.0,33,95,0.347,7,28,0.25,19,21,0.905,10,38,48,17,11.0,2,5,10,15,23,92,-24.0,87.4,89.3,109.8,112.6,-22.4,-23.3,0.515,1.55,12.8,0.206,0.792,0.459,0.107,0.384,0.441,105.4,103.0,85.83,103,0.367
55,2020-21,1610612764,WAS,Washington Wizards,0022000063,2020-12-31T00:00:00,WAS vs. CHI,L,48.0,42,84,0.5,14,29,0.483,32,41,0.78,9,28,37,27,14.0,8,4,3,27,27,130,-3.0,121.4,126.2,119.8,127.9,1.6,-1.7,0.643,1.93,18.9,0.265,0.667,0.457,0.136,0.583,0.637,109.0,103.5,86.25,103,0.462
56,2020-21,1610612741,CHI,Chicago Bulls,0022000063,2020-12-31T00:00:00,CHI @ WAS,W,48.0,50,92,0.543,14,36,0.389,19,25,0.76,9,35,44,34,17.0,9,3,4,27,27,133,3.0,119.8,127.9,121.4,126.2,-1.6,1.7,0.68,2.0,22.2,0.333,0.735,0.543,0.163,0.62,0.646,109.0,103.5,86.25,104,0.538
57,2020-21,1610612745,HOU,Houston Rockets,0022000065,2020-12-31T00:00:00,HOU vs. SAC,W,48.0,45,86,0.523,13,36,0.361,19,25,0.76,10,35,45,26,18.0,10,6,5,14,21,122,3.0,116.2,114.0,110.6,111.2,5.6,2.8,0.578,1.44,18.2,0.222,0.709,0.49,0.168,0.599,0.629,106.3,107.0,89.17,107,0.548
58,2020-21,1610612752,NYK,New York Knicks,0022000066,2020-12-31T00:00:00,NYK @ TOR,L,48.0,32,88,0.364,3,36,0.083,16,20,0.8,9,39,48,21,16.0,6,3,6,21,22,83,-17.0,80.0,82.2,98.8,99.0,-18.8,-16.8,0.656,1.31,15.6,0.217,0.792,0.487,0.158,0.381,0.429,102.5,101.0,84.17,101,0.407
59,2020-21,1610612754,IND,Indiana Pacers,0022000062,2020-12-31T00:00:00,IND vs. CLE,W,48.0,42,87,0.483,16,35,0.457,19,24,0.792,9,35,44,28,14.0,12,1,6,22,22,119,20.0,116.0,120.2,99.4,100.0,16.6,20.2,0.667,2.0,20.3,0.255,0.72,0.495,0.141,0.575,0.61,101.1,99.0,82.5,99,0.616
60,2020-21,1610612760,OKC,Oklahoma City Thunder,0022000067,2020-12-31T00:00:00,OKC vs. NOP,L,48.0,30,80,0.375,15,48,0.313,5,15,0.333,7,33,40,24,19.0,6,3,4,20,16,80,-33.0,81.1,81.6,114.9,115.3,-33.7,-33.7,0.8,1.26,18.3,0.182,0.68,0.419,0.194,0.469,0.462,98.5,98.0,81.67,98,0.299
61,2020-21,1610612756,PHX,Phoenix Suns,0022000068,2020-12-31T00:00:00,PHX @ UTA,W,48.0,41,84,0.488,17,33,0.515,7,10,0.7,5,36,41,26,15.0,5,6,3,17,15,106,11.0,107.7,108.2,98.6,97.9,9.1,10.2,0.634,1.73,19.7,0.182,0.765,0.495,0.153,0.589,0.6,97.4,97.5,81.25,98,0.565
62,2020-21,1610612737,ATL,Atlanta Hawks,0022000057,2020-12-30T00:00:00,ATL @ BKN,L,48.0,47,99,0.475,18,46,0.391,29,35,0.829,17,37,54,27,12.0,5,2,3,19,24,141,-4.0,128.9,129.4,131.7,135.5,-2.8,-6.2,0.574,2.25,17.2,0.418,0.76,0.581,0.11,0.566,0.616,109.8,108.0,90.0,109,0.493
63,2020-21,1610612749,MIL,Milwaukee Bucks,0022000058,2020-12-30T00:00:00,MIL @ MIA,L,48.0,40,102,0.392,16,41,0.39,12,13,0.923,16,31,47,26,13.0,14,6,5,25,18,108,-11.0,103.1,102.9,111.5,112.3,-8.3,-9.4,0.65,2.0,17.4,0.286,0.689,0.454,0.124,0.471,0.501,105.7,105.5,87.92,105,0.444
64,2020-21,1610612751,BKN,Brooklyn Nets,0022000057,2020-12-30T00:00:00,BKN vs. ATL,W,48.0,54,100,0.54,19,41,0.463,18,23,0.783,9,31,40,30,9.0,6,3,2,24,19,145,4.0,131.7,135.5,128.9,129.4,2.8,6.2,0.556,3.33,20.1,0.24,0.582,0.419,0.084,0.635,0.658,109.8,108.0,90.0,107,0.507
65,2020-21,1610612766,CHA,Charlotte Hornets,0022000059,2020-12-30T00:00:00,CHA @ DAL,W,48.0,43,84,0.512,15,34,0.441,17,21,0.81,12,38,50,30,24.0,6,6,6,28,16,118,19.0,112.1,116.8,96.6,96.1,15.6,20.7,0.698,1.25,20.5,0.357,0.712,0.564,0.238,0.601,0.633,103.9,102.0,85.0,101,0.593
66,2020-21,1610612738,BOS,Boston Celtics,0022000056,2020-12-30T00:00:00,BOS vs. MEM,W,48.0,49,91,0.538,16,39,0.41,12,14,0.857,10,32,42,27,16.0,17,11,3,21,13,126,19.0,122.1,123.5,95.5,102.9,26.6,20.6,0.551,1.69,19.3,0.25,0.561,0.426,0.157,0.626,0.648,107.6,103.0,85.83,102,0.603
67,2020-21,1610612747,LAL,Los Angeles Lakers,0022000060,2020-12-30T00:00:00,LAL @ SAS,W,48.0,46,82,0.561,14,26,0.538,15,20,0.75,7,40,47,25,17.0,4,3,4,24,18,121,14.0,120.0,119.8,105.8,104.9,14.2,14.9,0.543,1.47,18.8,0.179,0.8,0.528,0.168,0.646,0.666,101.0,101.5,84.58,101,0.542
68,2020-21,1610612759,SAS,San Antonio Spurs,0022000060,2020-12-30T00:00:00,SAS vs. LAL,L,48.0,40,87,0.46,10,24,0.417,17,23,0.739,7,32,39,25,11.0,8,4,3,18,24,107,-14.0,105.8,104.9,120.0,119.8,-14.2,-14.9,0.625,2.27,18.4,0.2,0.821,0.472,0.108,0.517,0.551,101.0,101.5,84.58,102,0.458
69,2020-21,1610612746,LAC,LA Clippers,0022000061,2020-12-30T00:00:00,LAC vs. POR,W,48.0,47,95,0.495,18,38,0.474,16,22,0.727,11,36,47,30,11.0,13,6,4,25,17,128,23.0,122.3,124.3,100.0,101.9,22.2,22.3,0.638,2.73,20.5,0.28,0.804,0.531,0.107,0.589,0.611,104.8,103.0,85.83,103,0.612
70,2020-21,1610612757,POR,Portland Trail Blazers,0022000061,2020-12-30T00:00:00,POR @ LAC,L,48.0,32,76,0.421,12,38,0.316,29,34,0.853,5,36,41,14,19.0,5,4,6,17,25,105,-23.0,100.0,101.9,122.3,124.3,-22.2,-22.3,0.438,0.74,11.1,0.196,0.72,0.469,0.184,0.5,0.577,104.8,103.0,85.83,103,0.388
71,2020-21,1610612763,MEM,Memphis Grizzlies,0022000056,2020-12-30T00:00:00,MEM @ BOS,L,48.0,40,93,0.43,9,33,0.273,18,25,0.72,14,32,46,26,22.0,8,3,11,13,21,107,-19.0,95.5,102.9,122.1,123.5,-26.6,-20.6,0.65,1.18,16.8,0.439,0.75,0.574,0.212,0.478,0.514,107.6,103.0,85.83,104,0.397
72,2020-21,1610612742,DAL,Dallas Mavericks,0022000059,2020-12-30T00:00:00,DAL vs. CHA,L,48.0,34,87,0.391,12,42,0.286,19,33,0.576,13,26,39,24,14.0,10,6,6,16,28,99,-19.0,96.6,96.1,112.1,116.8,-15.6,-20.7,0.706,1.71,16.7,0.288,0.643,0.436,0.136,0.46,0.488,103.9,102.0,85.0,103,0.407
73,2020-21,1610612748,MIA,Miami Heat,0022000058,2020-12-30T00:00:00,MIA vs. MIL,W,48.0,40,82,0.488,15,39,0.385,24,29,0.828,10,42,52,25,22.0,5,5,6,18,25,119,11.0,111.5,112.3,103.1,102.9,8.3,9.4,0.625,1.14,17.2,0.311,0.714,0.546,0.208,0.579,0.628,105.7,105.5,87.92,106,0.556
74,2020-21,1610612761,TOR,Toronto Raptors,0022000049,2020-12-29T00:00:00,TOR @ PHI,L,48.0,32,90,0.356,17,45,0.378,12,14,0.857,10,37,47,21,20.0,12,7,10,28,15,93,-7.0,87.6,89.4,91.3,94.3,-3.7,-4.9,0.656,1.05,15.2,0.22,0.685,0.442,0.192,0.45,0.484,107.8,105.0,87.5,104,0.404
75,2020-21,1610612749,MIL,Milwaukee Bucks,0022000051,2020-12-29T00:00:00,MIL @ MIA,W,48.0,51,92,0.554,29,51,0.569,13,15,0.867,10,35,45,32,17.0,14,2,6,22,18,144,47.0,136.4,139.8,91.6,94.2,44.8,45.6,0.627,1.88,21.5,0.333,0.822,0.586,0.165,0.712,0.73,105.8,103.0,85.83,103,0.673
76,2020-21,1610612748,MIA,Miami Heat,0022000051,2020-12-29T00:00:00,MIA vs. MIL,L,48.0,37,79,0.468,11,37,0.297,12,18,0.667,3,27,30,23,22.0,9,6,2,18,22,97,-47.0,91.6,94.2,136.4,139.8,-44.8,-45.6,0.622,1.05,17.2,0.178,0.667,0.414,0.214,0.538,0.558,105.8,103.0,85.83,103,0.327
77,2020-21,1610612764,WAS,Washington Wizards,0022000050,2020-12-29T00:00:00,WAS vs. CHI,L,48.0,37,84,0.44,10,37,0.27,23,26,0.885,8,39,47,25,21.0,6,6,1,28,23,107,-8.0,98.7,98.2,104.5,106.5,-5.8,-8.3,0.676,1.19,17.4,0.204,0.827,0.525,0.193,0.5,0.561,109.3,108.5,90.42,109,0.489
78,2020-21,1610612750,MIN,Minnesota Timberwolves,0022000054,2020-12-29T00:00:00,MIN @ LAC,L,48.0,37,89,0.416,13,38,0.342,14,17,0.824,11,28,39,22,14.0,7,6,10,15,21,101,-23.0,101.5,102.0,120.3,126.5,-18.8,-24.5,0.595,1.57,16.3,0.259,0.698,0.454,0.141,0.489,0.523,101.3,98.5,82.08,99,0.387
79,2020-21,1610612739,CLE,Cleveland Cavaliers,0022000046,2020-12-29T00:00:00,CLE vs. NYK,L,48.0,32,88,0.364,7,32,0.219,15,22,0.682,14,29,43,22,13.0,13,10,6,17,21,86,-9.0,89.0,86.9,93.8,96.0,-4.9,-9.1,0.688,1.69,16.3,0.259,0.625,0.425,0.131,0.403,0.44,99.0,99.0,82.5,99,0.473
80,2020-21,1610612765,DET,Detroit Pistons,0022000047,2020-12-29T00:00:00,DET vs. GSW,L,48.0,35,92,0.38,13,35,0.371,23,29,0.793,16,29,45,21,15.0,8,6,8,26,28,106,-10.0,102.2,108.2,108.6,117.2,-6.4,-9.0,0.6,1.4,14.9,0.349,0.689,0.491,0.153,0.451,0.506,105.3,98.5,82.08,98,0.436
81,2020-21,1610612753,ORL,Orlando Magic,0022000052,2020-12-29T00:00:00,ORL @ OKC,W,48.0,49,96,0.51,7,22,0.318,13,16,0.813,12,34,46,26,11.0,12,2,7,23,18,118,11.0,115.6,114.6,101.6,103.9,14.1,10.7,0.531,2.36,18.4,0.245,0.729,0.485,0.107,0.547,0.573,103.7,103.0,85.83,103,0.572
82,2020-21,1610612743,DEN,Denver Nuggets,0022000055,2020-12-29T00:00:00,DEN @ SAC,L,48.0,44,81,0.543,11,28,0.393,16,20,0.8,7,32,39,27,20.0,7,5,2,18,18,115,-10.0,111.9,113.9,121.7,123.8,-9.9,-9.9,0.614,1.35,19.7,0.27,0.725,0.534,0.198,0.611,0.64,102.7,101.0,84.17,101,0.48
83,2020-21,1610612744,GSW,Golden State Warriors,0022000047,2020-12-29T00:00:00,GSW @ DET,W,48.0,38,76,0.5,14,33,0.424,26,36,0.722,4,36,40,21,19.0,8,8,6,28,26,116,10.0,108.6,117.2,102.2,108.2,6.4,9.0,0.553,1.11,15.8,0.311,0.651,0.509,0.192,0.592,0.632,105.3,98.5,82.08,99,0.564
84,2020-21,1610612758,SAC,Sacramento Kings,0022000055,2020-12-29T00:00:00,SAC vs. DEN,W,48.0,46,94,0.489,16,33,0.485,17,22,0.773,12,25,37,33,11.0,9,2,5,18,18,125,10.0,121.7,123.8,111.9,113.9,9.9,9.9,0.717,3.0,22.4,0.275,0.73,0.466,0.109,0.574,0.603,102.7,101.0,84.17,101,0.52
85,2020-21,1610612752,NYK,New York Knicks,0022000046,2020-12-29T00:00:00,NYK @ CLE,W,48.0,34,79,0.43,14,25,0.56,13,21,0.619,14,41,55,23,27.0,9,6,10,21,17,95,9.0,93.8,96.0,89.0,86.9,4.9,9.1,0.676,0.85,16.5,0.375,0.741,0.575,0.273,0.519,0.538,99.0,99.0,82.5,99,0.527
86,2020-21,1610612760,OKC,Oklahoma City Thunder,0022000052,2020-12-29T00:00:00,OKC vs. ORL,L,48.0,43,87,0.494,11,34,0.324,10,19,0.526,10,37,47,20,20.0,3,7,2,18,23,107,-11.0,101.6,103.9,115.6,114.6,-14.1,-10.7,0.465,1.0,14.8,0.271,0.755,0.515,0.194,0.557,0.561,103.7,103.0,85.83,103,0.428
87,2020-21,1610612741,CHI,Chicago Bulls,0022000050,2020-12-29T00:00:00,CHI @ WAS,W,48.0,38,87,0.437,15,36,0.417,24,32,0.75,5,32,37,26,14.0,7,1,6,23,28,115,8.0,104.5,106.5,98.7,98.2,5.8,8.3,0.684,1.86,18.2,0.173,0.796,0.475,0.13,0.523,0.569,109.3,108.5,90.42,108,0.511
88,2020-21,1610612740,NOP,New Orleans Pelicans,0022000053,2020-12-29T00:00:00,NOP @ PHX,L,48.0,37,77,0.481,3,24,0.125,9,18,0.5,7,34,41,18,18.0,8,3,4,14,18,86,-25.0,89.7,91.5,120.2,120.7,-30.5,-29.2,0.486,1.0,14.5,0.279,0.723,0.511,0.191,0.5,0.506,94.1,93.0,77.5,94,0.405
89,2020-21,1610612755,PHI,Philadelphia 76ers,0022000049,2020-12-29T00:00:00,PHI vs. TOR,W,48.0,32,84,0.381,8,31,0.258,28,33,0.848,9,45,54,21,20.0,10,10,7,15,28,100,7.0,91.3,94.3,87.6,89.4,3.7,4.9,0.656,1.05,14.6,0.315,0.78,0.558,0.189,0.429,0.508,107.8,105.0,87.5,106,0.596
90,2020-21,1610612746,LAC,LA Clippers,0022000054,2020-12-29T00:00:00,LAC vs. MIN,W,48.0,47,88,0.534,16,31,0.516,14,16,0.875,7,39,46,32,15.0,6,10,6,21,15,124,23.0,120.3,126.5,101.5,102.0,18.8,24.5,0.681,2.13,22.4,0.302,0.741,0.546,0.153,0.625,0.652,101.3,98.5,82.08,98,0.613
91,2020-21,1610612756,PHX,Phoenix Suns,0022000053,2020-12-29T00:00:00,PHX vs. NOP,W,48.0,37,84,0.44,19,47,0.404,18,19,0.947,12,31,43,24,12.0,7,4,3,18,14,111,25.0,120.2,120.7,89.7,91.5,30.5,29.2,0.649,2.0,18.6,0.277,0.721,0.489,0.13,0.554,0.601,94.1,93.0,77.5,92,0.595
92,2020-21,1610612754,IND,Indiana Pacers,0022000048,2020-12-29T00:00:00,IND vs. BOS,L,48.0,43,84,0.512,12,33,0.364,13,16,0.813,4,32,36,27,15.0,9,5,3,25,16,111,-5.0,108.8,109.9,118.0,116.0,-9.2,-6.1,0.628,1.8,19.9,0.19,0.727,0.465,0.149,0.583,0.61,100.2,100.5,83.75,101,0.485
93,2020-21,1610612738,BOS,Boston Celtics,0022000048,2020-12-29T00:00:00,BOS @ IND,W,48.0,40,80,0.5,9,22,0.409,27,37,0.73,12,31,43,21,14.0,10,3,5,16,25,116,5.0,118.0,116.0,108.8,109.9,9.2,6.1,0.525,1.5,15.8,0.273,0.81,0.535,0.14,0.556,0.602,100.2,100.5,83.75,100,0.515
94,2020-21,1610612751,BKN,Brooklyn Nets,0022000042,2020-12-28T00:00:00,BKN vs. MEM,L,53.0,41,100,0.41,14,42,0.333,15,17,0.882,13,37,50,28,17.0,13,6,4,20,17,111,-5.0,99.6,100.0,102.0,105.5,-2.4,-5.5,0.683,1.65,18.1,0.271,0.65,0.462,0.153,0.48,0.516,102.0,100.08,83.4,111,0.509
95,2020-21,1610612765,DET,Detroit Pistons,0022000041,2020-12-28T00:00:00,DET @ ATL,L,48.0,43,98,0.439,13,41,0.317,21,24,0.875,17,31,48,24,8.0,7,4,7,25,22,120,-8.0,120.5,120.0,126.6,126.7,-6.1,-6.7,0.558,3.0,17.0,0.298,0.75,0.495,0.08,0.505,0.553,100.3,100.5,83.75,100,0.445
96,2020-21,1610612747,LAL,Los Angeles Lakers,0022000045,2020-12-28T00:00:00,LAL vs. POR,L,48.0,41,87,0.471,10,27,0.37,15,18,0.833,6,35,41,20,15.0,6,5,6,14,16,107,-8.0,103.0,109.2,113.2,115.0,-10.2,-5.8,0.488,1.33,15.7,0.188,0.765,0.485,0.153,0.529,0.564,102.8,99.0,82.5,98,0.446
97,2020-21,1610612760,OKC,Oklahoma City Thunder,0022000043,2020-12-28T00:00:00,OKC vs. UTA,L,48.0,40,86,0.465,15,38,0.395,14,19,0.737,7,30,37,21,17.0,9,5,6,16,19,109,-1.0,104.4,107.9,108.7,111.1,-4.3,-3.2,0.525,1.24,15.4,0.28,0.756,0.505,0.168,0.552,0.578,102.8,100.0,83.33,101,0.469
98,2020-21,1610612762,UTA,Utah Jazz,0022000043,2020-12-28T00:00:00,UTA @ OKC,W,48.0,43,86,0.5,13,36,0.361,11,14,0.786,8,35,43,24,17.0,9,6,5,19,16,110,1.0,108.7,111.1,104.4,107.9,4.3,3.2,0.558,1.41,17.9,0.244,0.72,0.495,0.172,0.576,0.597,102.8,100.0,83.33,99,0.531
99,2020-21,1610612745,HOU,Houston Rockets,0022000044,2020-12-28T00:00:00,HOU @ DEN,L,48.0,39,86,0.453,16,39,0.41,17,23,0.739,5,33,38,25,16.0,8,3,7,25,18,111,-13.0,103.6,106.7,116.9,120.4,-13.3,-13.7,0.641,1.56,18.1,0.192,0.714,0.446,0.154,0.547,0.577,106.6,103.5,86.25,104,0.412
100,2020-21,1610612763,MEM,Memphis Grizzlies,0022000042,2020-12-28T00:00:00,MEM @ BKN,W,53.0,42,98,0.429,10,29,0.345,22,29,0.759,16,40,56,20,19.0,10,4,6,17,20,116,5.0,102.0,105.5,99.6,100.0,2.4,5.5,0.476,1.05,13.3,0.35,0.729,0.538,0.173,0.48,0.524,102.0,100.08,83.4,110,0.491
101,2020-21,1610612757,POR,Portland Trail Blazers,0022000045,2020-12-28T00:00:00,POR @ LAL,W,48.0,43,92,0.467,16,46,0.348,13,15,0.867,7,38,45,27,10.0,9,6,5,16,14,115,8.0,113.2,115.0,103.0,109.2,10.2,5.8,0.628,2.7,19.4,0.235,0.813,0.515,0.1,0.554,0.583,102.8,99.0,82.5,100,0.554
102,2020-21,1610612737,ATL,Atlanta Hawks,0022000041,2020-12-28T00:00:00,ATL vs. DET,W,48.0,40,82,0.488,20,42,0.476,28,32,0.875,8,37,45,30,13.0,5,7,4,22,25,128,8.0,126.6,126.7,120.5,120.0,6.1,6.7,0.75,2.31,21.3,0.25,0.702,0.505,0.129,0.61,0.666,100.3,100.5,83.75,101,0.555
103,2020-21,1610612743,DEN,Denver Nuggets,0022000044,2020-12-28T00:00:00,DEN vs. HOU,W,48.0,46,87,0.529,14,31,0.452,18,32,0.563,11,41,52,31,16.0,8,7,3,18,25,124,13.0,116.9,120.4,103.6,106.7,13.3,13.7,0.674,1.94,20.9,0.286,0.808,0.554,0.155,0.609,0.613,106.6,103.5,86.25,103,0.588
104,2020-21,1610612764,WAS,Washington Wizards,0022000033,2020-12-27T00:00:00,WAS vs. ORL,L,48.0,47,97,0.485,8,32,0.25,11,13,0.846,13,34,47,27,13.0,6,4,3,26,14,113,-7.0,110.0,110.8,119.1,118.8,-9.1,-8.0,0.574,2.08,18.6,0.314,0.75,0.525,0.127,0.526,0.55,101.7,101.5,84.58,102,0.463
105,2020-21,1610612758,SAC,Sacramento Kings,0022000039,2020-12-27T00:00:00,SAC vs. PHX,L,48.0,36,76,0.474,10,23,0.435,18,25,0.72,3,36,39,21,15.0,5,4,3,23,20,100,-16.0,101.0,102.0,116.2,117.2,-15.2,-15.1,0.583,1.4,16.8,0.14,0.796,0.489,0.153,0.539,0.575,99.4,98.5,82.08,98,0.403
106,2020-21,1610612749,MIL,Milwaukee Bucks,0022000036,2020-12-27T00:00:00,MIL @ NYK,L,48.0,41,95,0.432,7,38,0.184,21,29,0.724,17,27,44,24,11.0,7,5,4,21,23,110,-20.0,108.1,110.0,124.0,131.3,-15.9,-21.3,0.585,2.18,16.6,0.35,0.659,0.475,0.11,0.468,0.51,103.3,99.5,82.92,100,0.409
107,2020-21,1610612755,PHI,Philadelphia 76ers,0022000035,2020-12-27T00:00:00,PHI @ CLE,L,48.0,33,79,0.418,12,37,0.324,16,22,0.727,8,31,39,24,22.0,9,5,6,19,22,94,-24.0,91.5,94.0,114.5,116.8,-23.0,-22.8,0.727,1.09,17.6,0.271,0.696,0.479,0.22,0.494,0.53,102.9,100.5,83.75,100,0.372
108,2020-21,1610612750,MIN,Minnesota Timberwolves,0022000040,2020-12-27T00:00:00,MIN @ LAL,L,48.0,38,103,0.369,6,35,0.171,9,14,0.643,17,31,48,24,18.0,11,6,14,24,19,91,-36.0,82.6,85.8,115.5,119.8,-32.9,-34.0,0.632,1.33,15.7,0.343,0.78,0.509,0.17,0.398,0.417,110.0,106.0,88.33,106,0.294
109,2020-21,1610612746,LAC,LA Clippers,0022000031,2020-12-27T00:00:00,LAC vs. DAL,L,48.0,26,76,0.342,4,33,0.121,17,20,0.85,5,31,36,13,14.0,2,2,2,19,14,73,-51.0,77.8,77.7,129.3,130.5,-51.5,-52.9,0.5,0.93,11.4,0.14,0.696,0.406,0.149,0.368,0.43,94.8,94.5,78.75,94,0.207
110,2020-21,1610612766,CHA,Charlotte Hornets,0022000032,2020-12-27T00:00:00,CHA vs. BKN,W,48.0,43,96,0.448,10,34,0.294,10,17,0.588,13,39,52,35,15.0,8,3,5,25,17,106,2.0,100.5,102.9,98.1,100.0,2.4,2.9,0.814,2.33,22.7,0.276,0.784,0.514,0.146,0.5,0.512,105.7,103.5,86.25,103,0.529
111,2020-21,1610612740,NOP,New Orleans Pelicans,0022000034,2020-12-27T00:00:00,NOP vs. SAS,W,48.0,36,94,0.383,5,24,0.208,21,29,0.724,13,43,56,15,8.0,11,4,10,16,23,98,3.0,96.3,96.1,91.8,95.0,4.5,1.1,0.417,1.88,11.3,0.25,0.843,0.513,0.078,0.41,0.459,102.6,101.0,84.17,102,0.496
112,2020-21,1610612754,IND,Indiana Pacers,0022000037,2020-12-27T00:00:00,IND vs. BOS,W,48.0,45,88,0.511,7,26,0.269,11,15,0.733,8,29,37,23,16.0,11,7,7,20,17,108,1.0,105.3,105.9,105.4,104.9,-0.1,1.0,0.511,1.44,17.3,0.196,0.78,0.471,0.157,0.551,0.571,102.1,102.0,85.0,102,0.485
113,2020-21,1610612744,GSW,Golden State Warriors,0022000038,2020-12-27T00:00:00,GSW @ CHI,W,48.0,42,104,0.404,18,47,0.383,27,30,0.9,10,31,41,25,12.0,17,4,6,23,21,129,1.0,108.2,113.2,109.7,111.3,-1.5,1.9,0.595,2.08,16.2,0.25,0.721,0.439,0.105,0.49,0.55,117.9,114.5,95.42,114,0.481
114,2020-21,1610612741,CHI,Chicago Bulls,0022000038,2020-12-27T00:00:00,CHI vs. GSW,L,48.0,44,86,0.512,17,41,0.415,23,31,0.742,7,47,54,27,24.0,4,6,4,21,23,128,-1.0,109.7,111.3,108.2,113.2,1.5,-1.9,0.614,1.13,17.8,0.279,0.75,0.561,0.209,0.61,0.642,117.9,114.5,95.42,115,0.519
115,2020-21,1610612738,BOS,Boston Celtics,0022000037,2020-12-27T00:00:00,BOS @ IND,L,48.0,40,79,0.506,9,23,0.391,18,24,0.75,6,34,40,21,18.0,13,7,7,17,20,107,-1.0,105.4,104.9,105.3,105.9,0.1,-1.0,0.525,1.17,15.9,0.22,0.804,0.529,0.176,0.563,0.597,102.1,102.0,85.0,102,0.515
116,2020-21,1610612739,CLE,Cleveland Cavaliers,0022000035,2020-12-27T00:00:00,CLE vs. PHI,W,48.0,48,91,0.527,9,23,0.391,13,16,0.813,11,34,45,31,16.0,13,6,5,22,19,118,24.0,114.5,116.8,91.5,94.0,23.0,22.8,0.646,1.94,21.2,0.304,0.729,0.521,0.158,0.577,0.602,102.9,100.5,83.75,101,0.628
117,2020-21,1610612752,NYK,New York Knicks,0022000036,2020-12-27T00:00:00,NYK vs. MIL,W,48.0,46,85,0.541,16,27,0.593,22,27,0.815,8,38,46,27,16.0,5,4,5,23,21,130,20.0,124.0,131.3,108.1,110.0,15.9,21.3,0.587,1.69,19.3,0.341,0.65,0.525,0.162,0.635,0.671,103.3,99.5,82.92,99,0.591
118,2020-21,1610612751,BKN,Brooklyn Nets,0022000032,2020-12-27T00:00:00,BKN @ CHA,L,48.0,35,82,0.427,17,47,0.362,17,25,0.68,6,40,46,23,19.0,4,5,3,17,25,104,-2.0,98.1,100.0,100.5,102.9,-2.4,-2.9,0.657,1.21,16.9,0.216,0.724,0.486,0.183,0.53,0.559,105.7,103.5,86.25,104,0.471
119,2020-21,1610612756,PHX,Phoenix Suns,0022000039,2020-12-27T00:00:00,PHX @ SAC,W,48.0,46,94,0.489,14,35,0.4,10,11,0.909,8,36,44,34,9.0,6,3,4,20,23,116,16.0,116.2,117.2,101.0,102.0,15.2,15.1,0.739,3.78,23.8,0.204,0.86,0.511,0.091,0.564,0.587,99.4,98.5,82.08,99,0.598
120,2020-21,1610612747,LAL,Los Angeles Lakers,0022000040,2020-12-27T00:00:00,LAL vs. MIN,W,48.0,50,90,0.556,13,35,0.371,14,18,0.778,5,41,46,32,17.0,6,14,6,19,24,127,36.0,115.5,119.8,82.6,85.8,32.9,34.0,0.64,1.88,21.8,0.22,0.657,0.491,0.16,0.628,0.648,110.0,106.0,88.33,106,0.706
121,2020-21,1610612753,ORL,Orlando Magic,0022000033,2020-12-27T00:00:00,ORL @ WAS,W,48.0,37,85,0.435,9,25,0.36,37,38,0.974,11,34,45,19,10.0,6,3,4,14,26,120,7.0,119.1,118.8,110.0,110.8,9.1,8.0,0.514,1.9,14.4,0.25,0.686,0.475,0.099,0.488,0.59,101.7,101.5,84.58,101,0.537
122,2020-21,1610612759,SAS,San Antonio Spurs,0022000034,2020-12-27T00:00:00,SAS @ NOP,L,48.0,38,89,0.427,11,36,0.306,8,8,1.0,4,43,47,26,15.0,5,10,4,23,16,95,-3.0,91.8,95.0,96.3,96.1,-4.5,-1.1,0.684,1.73,19.4,0.157,0.75,0.487,0.15,0.489,0.513,102.6,101.0,84.17,100,0.504
123,2020-21,1610612742,DAL,Dallas Mavericks,0022000031,2020-12-27T00:00:00,DAL @ LAC,W,48.0,43,87,0.494,14,41,0.341,24,27,0.889,11,43,54,25,8.0,10,2,2,14,19,124,51.0,129.3,130.5,77.8,77.7,51.5,52.9,0.581,3.13,18.7,0.304,0.86,0.594,0.084,0.575,0.627,94.8,94.5,78.75,95,0.793
124,2020-21,1610612754,IND,Indiana Pacers,0022000026,2020-12-26T00:00:00,IND @ CHI,W,48.0,52,93,0.559,9,26,0.346,12,19,0.632,9,40,49,34,16.0,15,4,7,26,16,125,19.0,115.4,116.8,97.2,98.1,18.1,18.7,0.654,2.13,22.4,0.25,0.707,0.51,0.15,0.608,0.617,108.7,107.5,89.58,107,0.626
125,2020-21,1610612739,CLE,Cleveland Cavaliers,0022000023,2020-12-26T00:00:00,CLE @ DET,W,58.0,48,99,0.485,13,30,0.433,19,30,0.633,7,44,51,29,19.0,13,4,5,24,20,128,9.0,103.1,102.4,94.4,96.0,8.7,6.4,0.604,1.53,17.7,0.169,0.758,0.471,0.152,0.551,0.57,103.6,103.03,85.86,125,0.545
126,2020-21,1610612753,ORL,Orlando Magic,0022000024,2020-12-26T00:00:00,ORL @ WAS,W,48.0,48,95,0.505,11,31,0.355,23,29,0.793,11,43,54,25,14.0,8,0,3,21,25,130,10.0,117.4,118.2,105.0,110.1,12.4,8.1,0.521,1.79,16.9,0.255,0.786,0.533,0.127,0.563,0.603,112.5,109.5,91.25,110,0.57
127,2020-21,1610612737,ATL,Atlanta Hawks,0022000021,2020-12-26T00:00:00,ATL @ MEM,W,48.0,38,89,0.427,13,36,0.361,33,38,0.868,13,41,54,23,15.0,4,5,6,20,27,122,10.0,113.3,116.2,104.9,106.7,8.3,9.5,0.605,1.53,16.0,0.309,0.759,0.54,0.143,0.5,0.577,107.2,105.0,87.5,105,0.561
128,2020-21,1610612759,SAS,San Antonio Spurs,0022000027,2020-12-26T00:00:00,SAS vs. TOR,W,48.0,47,100,0.47,14,34,0.412,11,16,0.688,14,39,53,36,16.0,4,3,9,20,23,119,5.0,109.1,114.4,109.0,109.6,0.1,4.8,0.766,2.25,22.6,0.345,0.755,0.546,0.154,0.54,0.556,106.8,104.0,86.67,104,0.509
129,2020-21,1610612752,NYK,New York Knicks,0022000025,2020-12-26T00:00:00,NYK vs. PHI,L,48.0,32,83,0.386,8,29,0.276,17,23,0.739,13,30,43,19,16.0,6,4,6,23,19,89,-20.0,92.6,94.7,111.6,114.7,-19.0,-20.1,0.594,1.19,14.7,0.302,0.633,0.461,0.17,0.434,0.478,96.9,94.5,78.75,94,0.366
130,2020-21,1610612750,MIN,Minnesota Timberwolves,0022000028,2020-12-26T00:00:00,MIN @ UTA,W,48.0,45,101,0.446,13,29,0.448,13,18,0.722,12,28,40,21,10.0,9,5,4,28,20,116,5.0,108.5,110.5,100.7,105.7,7.8,4.8,0.467,2.1,14.8,0.288,0.55,0.42,0.095,0.51,0.533,108.6,105.0,87.5,105,0.525
131,2020-21,1610612741,CHI,Chicago Bulls,0022000026,2020-12-26T00:00:00,CHI vs. IND,L,48.0,34,91,0.374,16,39,0.41,22,25,0.88,13,28,41,23,20.0,7,7,4,16,26,106,-19.0,97.2,98.1,115.4,116.8,-18.1,-18.7,0.676,1.15,15.6,0.293,0.75,0.49,0.185,0.462,0.52,108.7,107.5,89.58,108,0.374
132,2020-21,1610612758,SAC,Sacramento Kings,0022000030,2020-12-26T00:00:00,SAC vs. PHX,W,48.0,39,86,0.453,5,23,0.217,23,33,0.697,15,41,56,20,18.0,4,9,5,22,23,106,3.0,102.4,102.9,98.4,99.0,4.0,3.9,0.513,1.11,14.3,0.327,0.776,0.564,0.175,0.483,0.527,104.1,103.5,86.25,103,0.52
133,2020-21,1610612764,WAS,Washington Wizards,0022000024,2020-12-26T00:00:00,WAS vs. ORL,L,48.0,46,95,0.484,13,37,0.351,15,28,0.536,7,36,43,28,14.0,5,3,0,25,21,120,-10.0,105.0,110.1,117.4,118.2,-12.4,-8.1,0.609,2.0,18.9,0.214,0.745,0.467,0.128,0.553,0.559,112.5,109.5,91.25,109,0.43
134,2020-21,1610612760,OKC,Oklahoma City Thunder,0022000022,2020-12-26T00:00:00,OKC @ CHA,W,48.0,40,88,0.455,10,36,0.278,19,24,0.792,9,45,54,25,17.0,10,7,8,21,22,109,2.0,102.3,103.8,99.9,100.9,2.4,2.9,0.625,1.47,17.6,0.25,0.738,0.521,0.162,0.511,0.553,106.8,105.5,87.92,105,0.551
135,2020-21,1610612763,MEM,Memphis Grizzlies,0022000021,2020-12-26T00:00:00,MEM vs. ATL,L,48.0,37,93,0.398,13,43,0.302,25,29,0.862,9,37,46,20,10.0,5,6,5,27,20,112,-10.0,104.9,106.7,113.3,116.2,-8.3,-9.5,0.541,2.0,14.5,0.241,0.691,0.46,0.095,0.468,0.53,107.2,105.0,87.5,105,0.439
136,2020-21,1610612757,POR,Portland Trail Blazers,0022000029,2020-12-26T00:00:00,POR vs. HOU,W,53.0,47,102,0.461,19,45,0.422,15,23,0.652,11,34,45,27,14.0,10,5,5,20,22,128,2.0,111.2,117.4,117.7,117.8,-6.5,-0.3,0.574,1.93,17.3,0.373,0.739,0.533,0.128,0.554,0.571,100.6,97.81,81.51,109,0.499
137,2020-21,1610612755,PHI,Philadelphia 76ers,0022000025,2020-12-26T00:00:00,PHI @ NYK,W,48.0,41,88,0.466,11,31,0.355,16,22,0.727,12,35,47,20,12.0,9,6,4,19,23,109,20.0,111.6,114.7,92.6,94.7,19.0,20.1,0.488,1.67,15.0,0.367,0.698,0.539,0.126,0.528,0.558,96.9,94.5,78.75,95,0.634
138,2020-21,1610612756,PHX,Phoenix Suns,0022000030,2020-12-26T00:00:00,PHX @ SAC,L,48.0,41,98,0.418,11,44,0.25,10,13,0.769,10,30,40,25,11.0,8,5,9,23,22,103,-3.0,98.4,99.0,102.4,102.9,-4.0,-3.9,0.61,2.27,17.6,0.224,0.673,0.436,0.106,0.474,0.497,104.1,103.5,86.25,104,0.48
139,2020-21,1610612765,DET,Detroit Pistons,0022000023,2020-12-26T00:00:00,DET vs. CLE,L,58.0,40,98,0.408,16,45,0.356,23,32,0.719,10,47,57,24,24.0,9,5,4,20,24,119,-9.0,94.4,96.0,103.1,102.4,-8.7,-6.4,0.6,1.0,14.8,0.242,0.831,0.529,0.194,0.49,0.531,103.6,103.03,85.86,124,0.455
140,2020-21,1610612762,UTA,Utah Jazz,0022000028,2020-12-26T00:00:00,UTA vs. MIN,L,48.0,36,94,0.383,10,34,0.294,29,37,0.784,19,38,57,15,19.0,5,4,5,20,28,111,-5.0,100.7,105.7,108.5,110.5,-7.8,-4.8,0.417,0.79,10.3,0.45,0.712,0.58,0.181,0.436,0.503,108.6,105.0,87.5,105,0.475
141,2020-21,1610612761,TOR,Toronto Raptors,0022000027,2020-12-26T00:00:00,TOR @ SAS,L,48.0,44,96,0.458,15,41,0.366,11,15,0.733,10,36,46,32,12.0,8,9,3,23,20,114,-5.0,109.0,109.6,109.1,114.4,-0.1,-4.8,0.727,2.67,21.8,0.245,0.655,0.454,0.115,0.536,0.556,106.8,104.0,86.67,104,0.491
142,2020-21,1610612766,CHA,Charlotte Hornets,0022000022,2020-12-26T00:00:00,CHA vs. OKC,L,48.0,37,93,0.398,13,32,0.406,20,32,0.625,13,34,47,27,13.0,11,8,7,22,21,107,-2.0,99.9,100.9,102.3,103.8,-2.4,-2.9,0.73,2.08,18.2,0.262,0.75,0.479,0.123,0.468,0.5,106.8,105.5,87.92,106,0.449
143,2020-21,1610612745,HOU,Houston Rockets,0022000029,2020-12-26T00:00:00,HOU @ POR,L,53.0,45,87,0.517,11,35,0.314,25,32,0.781,10,32,42,27,16.0,5,5,5,22,20,126,-2.0,117.7,117.8,111.2,117.4,6.5,0.3,0.6,1.69,18.6,0.261,0.627,0.467,0.15,0.58,0.623,100.6,97.81,81.51,107,0.501
144,2020-21,1610612748,MIA,Miami Heat,0022000005,2020-12-25T00:00:00,MIA vs. NOP,W,48.0,38,75,0.507,16,37,0.432,19,23,0.826,4,31,35,29,17.0,11,2,2,25,20,111,13.0,113.1,115.6,97.5,101.0,15.6,14.6,0.763,1.71,22.0,0.184,0.673,0.46,0.177,0.613,0.652,99.3,96.5,80.42,96,0.602
145,2020-21,1610612746,LAC,LA Clippers,0022000009,2020-12-25T00:00:00,LAC @ DEN,W,48.0,41,74,0.554,19,38,0.5,20,24,0.833,9,29,38,32,21.0,9,4,1,32,20,121,13.0,125.3,126.0,110.6,112.5,14.7,13.5,0.78,1.52,23.0,0.324,0.702,0.543,0.219,0.682,0.715,97.1,96.0,80.0,96,0.566
146,2020-21,1610612749,MIL,Milwaukee Bucks,0022000006,2020-12-25T00:00:00,MIL vs. GSW,W,48.0,50,90,0.556,20,36,0.556,18,26,0.692,11,49,60,25,18.0,6,4,6,17,22,138,39.0,127.3,125.5,89.2,90.8,38.1,34.6,0.5,1.39,17.0,0.283,0.803,0.589,0.164,0.667,0.68,109.7,109.5,91.25,110,0.714
147,2020-21,1610612744,GSW,Golden State Warriors,0022000006,2020-12-25T00:00:00,GSW @ MIL,L,48.0,34,99,0.343,10,45,0.222,21,25,0.84,10,33,43,14,11.0,5,6,4,22,17,99,-39.0,89.2,90.8,127.3,125.5,-38.1,-34.6,0.412,1.27,10.3,0.197,0.717,0.411,0.101,0.394,0.45,109.7,109.5,91.25,109,0.286
148,2020-21,1610612751,BKN,Brooklyn Nets,0022000007,2020-12-25T00:00:00,BKN @ BOS,W,48.0,41,76,0.539,15,29,0.517,26,31,0.839,9,34,43,21,16.0,5,10,5,22,27,123,28.0,127.3,125.5,93.7,96.9,33.6,28.6,0.512,1.31,16.2,0.282,0.587,0.471,0.163,0.638,0.686,99.0,98.0,81.67,98,0.678
149,2020-21,1610612738,BOS,Boston Celtics,0022000007,2020-12-25T00:00:00,BOS vs. BKN,L,48.0,37,98,0.378,8,27,0.296,13,19,0.684,20,27,47,23,15.0,6,5,10,27,22,95,-28.0,93.7,96.9,127.3,125.5,-33.6,-28.6,0.622,1.53,15.6,0.413,0.718,0.529,0.153,0.418,0.447,99.0,98.0,81.67,98,0.322
150,2020-21,1610612747,LAL,Los Angeles Lakers,0022000008,2020-12-25T00:00:00,LAL vs. DAL,W,48.0,51,91,0.56,19,39,0.487,17,24,0.708,17,36,53,33,17.0,9,4,3,23,22,138,23.0,135.9,134.0,114.5,113.9,21.4,20.1,0.647,1.94,21.4,0.409,0.93,0.667,0.165,0.665,0.679,101.0,102.0,85.0,103,0.592
151,2020-21,1610612743,DEN,Denver Nuggets,0022000009,2020-12-25T00:00:00,DEN vs. LAC,L,48.0,37,81,0.457,11,36,0.306,23,31,0.742,10,22,32,25,13.0,7,1,4,20,32,108,-13.0,110.6,112.5,125.3,126.0,-14.7,-13.5,0.676,1.92,18.7,0.298,0.676,0.457,0.135,0.525,0.571,97.1,96.0,80.0,96,0.434
152,2020-21,1610612740,NOP,New Orleans Pelicans,0022000005,2020-12-25T00:00:00,NOP @ MIA,L,48.0,31,78,0.397,10,35,0.286,26,33,0.788,11,30,41,18,19.0,8,2,2,20,25,98,-13.0,97.5,101.0,113.1,115.6,-15.6,-14.6,0.581,0.95,13.7,0.327,0.816,0.54,0.196,0.462,0.53,99.3,96.5,80.42,97,0.398
153,2020-21,1610612742,DAL,Dallas Mavericks,0022000008,2020-12-25T00:00:00,DAL @ LAL,L,48.0,41,83,0.494,13,32,0.406,20,26,0.769,3,24,27,20,9.0,13,3,4,22,23,115,-23.0,114.5,113.9,135.9,134.0,-21.4,-20.1,0.488,2.22,16.1,0.07,0.591,0.333,0.089,0.572,0.609,101.0,102.0,85.0,101,0.408
154,2020-21,1610612740,NOP,New Orleans Pelicans,0022000014,2020-12-23T00:00:00,NOP @ TOR,W,48.0,42,80,0.525,19,42,0.452,10,20,0.5,8,37,45,30,27.0,13,7,5,17,22,113,14.0,104.8,108.7,91.4,94.3,13.4,14.4,0.714,1.11,20.4,0.302,0.725,0.532,0.26,0.644,0.636,108.0,104.5,87.08,104,0.601
155,2020-21,1610612757,POR,Portland Trail Blazers,0022000020,2020-12-23T00:00:00,POR vs. UTA,L,48.0,37,92,0.402,12,33,0.364,14,17,0.824,6,34,40,23,6.0,6,3,3,18,16,100,-20.0,100.5,101.0,118.4,120.0,-17.9,-19.0,0.622,3.83,17.7,0.145,0.717,0.426,0.061,0.467,0.503,100.4,99.5,82.92,99,0.417
156,2020-21,1610612754,IND,Indiana Pacers,0022000011,2020-12-23T00:00:00,IND vs. NYK,W,48.0,46,94,0.489,8,34,0.235,21,29,0.724,10,40,50,28,13.0,6,9,8,24,27,121,14.0,110.2,113.1,100.8,101.9,9.4,11.2,0.609,2.15,18.7,0.308,0.898,0.594,0.121,0.532,0.567,107.9,106.0,88.33,107,0.563
157,2020-21,1610612741,CHI,Chicago Bulls,0022000015,2020-12-23T00:00:00,CHI vs. ATL,L,48.0,36,87,0.414,8,35,0.229,24,28,0.857,8,29,37,20,17.0,10,3,3,22,29,104,-20.0,96.0,97.2,115.1,117.0,-19.1,-19.8,0.556,1.18,14.5,0.25,0.769,0.473,0.159,0.46,0.524,108.0,106.5,88.75,107,0.419
158,2020-21,1610612762,UTA,Utah Jazz,0022000020,2020-12-23T00:00:00,UTA @ POR,W,48.0,43,94,0.457,19,50,0.38,15,19,0.789,12,47,59,24,11.0,3,3,3,16,18,120,20.0,118.4,120.0,100.5,101.0,17.9,19.0,0.558,2.18,17.5,0.283,0.855,0.574,0.11,0.559,0.586,100.4,99.5,82.92,100,0.583
159,2020-21,1610612737,ATL,Atlanta Hawks,0022000015,2020-12-23T00:00:00,ATL @ CHI,W,48.0,43,80,0.538,14,35,0.4,24,29,0.828,8,38,46,24,23.0,6,3,3,29,22,124,20.0,115.1,117.0,96.0,97.2,19.1,19.8,0.558,1.04,17.3,0.231,0.75,0.527,0.217,0.625,0.668,108.0,106.5,88.75,106,0.581
160,2020-21,1610612742,DAL,Dallas Mavericks,0022000004,2020-12-23T00:00:00,DAL @ PHX,L,48.0,36,85,0.424,9,37,0.243,21,26,0.808,6,33,39,17,12.0,6,0,7,23,26,102,-4.0,99.6,99.0,102.0,102.9,-2.5,-3.9,0.472,1.42,13.3,0.157,0.795,0.453,0.117,0.476,0.529,103.2,103.0,85.83,103,0.449
161,2020-21,1610612748,MIA,Miami Heat,0022000012,2020-12-23T00:00:00,MIA @ ORL,L,48.0,42,83,0.506,7,20,0.35,16,19,0.842,7,36,43,25,22.0,11,2,3,21,19,107,-6.0,100.6,100.9,104.4,105.6,-3.8,-4.7,0.595,1.14,18.0,0.19,0.717,0.484,0.208,0.548,0.586,107.3,106.5,88.75,106,0.507
162,2020-21,1610612743,DEN,Denver Nuggets,0022000019,2020-12-23T00:00:00,DEN vs. SAC,L,53.0,47,98,0.48,8,29,0.276,20,24,0.833,10,36,46,28,15.0,6,11,7,25,29,122,-2.0,107.4,108.9,110.1,111.7,-2.7,-2.8,0.596,1.87,18.5,0.222,0.678,0.46,0.134,0.52,0.562,102.4,100.98,84.15,112,0.527
163,2020-21,1610612764,WAS,Washington Wizards,0022000013,2020-12-23T00:00:00,WAS @ PHI,L,48.0,39,85,0.459,13,27,0.481,16,23,0.696,5,35,40,28,20.0,7,4,8,26,25,107,-6.0,97.2,100.0,104.4,104.6,-7.3,-4.6,0.718,1.4,19.4,0.184,0.72,0.455,0.187,0.535,0.562,109.2,107.5,89.58,107,0.462
164,2020-21,1610612766,CHA,Charlotte Hornets,0022000010,2020-12-23T00:00:00,CHA @ CLE,L,48.0,45,90,0.5,16,44,0.364,8,15,0.533,8,24,32,29,15.0,10,4,3,17,22,114,-7.0,110.0,111.8,113.3,118.6,-3.3,-6.9,0.644,1.93,20.7,0.2,0.659,0.415,0.147,0.589,0.59,105.2,102.0,85.0,102,0.443
165,2020-21,1610612749,MIL,Milwaukee Bucks,0022000003,2020-12-23T00:00:00,MIL @ BOS,L,48.0,46,90,0.511,14,35,0.4,15,18,0.833,11,41,52,19,16.0,4,6,6,20,17,121,-1.0,117.6,119.8,118.6,122.0,-1.1,-2.2,0.413,1.19,14.1,0.333,0.764,0.57,0.158,0.589,0.618,102.9,100.5,83.75,101,0.506
166,2020-21,1610612738,BOS,Boston Celtics,0022000003,2020-12-23T00:00:00,BOS vs. MIL,W,48.0,48,101,0.475,18,40,0.45,8,11,0.727,10,27,37,23,7.0,8,6,6,17,20,122,1.0,118.6,122.0,117.6,119.8,1.1,2.2,0.479,3.29,16.9,0.236,0.667,0.43,0.07,0.564,0.576,102.9,100.5,83.75,100,0.494
167,2020-21,1610612758,SAC,Sacramento Kings,0022000019,2020-12-23T00:00:00,SAC @ DEN,W,53.0,45,102,0.441,10,31,0.323,24,31,0.774,18,36,54,27,15.0,5,7,11,29,25,124,2.0,110.1,111.7,107.4,108.9,2.7,2.8,0.6,1.8,17.2,0.322,0.778,0.54,0.135,0.49,0.536,102.4,100.98,84.15,111,0.473
168,2020-21,1610612765,DET,Detroit Pistons,0022000018,2020-12-23T00:00:00,DET @ MIN,L,48.0,45,93,0.484,8,35,0.229,3,8,0.375,7,37,44,29,15.0,5,2,5,20,16,101,-10.0,96.6,99.0,110.6,109.9,-14.0,-10.9,0.644,1.93,20.3,0.235,0.745,0.49,0.147,0.527,0.523,102.4,101.5,84.58,102,0.459
169,2020-21,1610612756,PHX,Phoenix Suns,0022000004,2020-12-23T00:00:00,PHX vs. DAL,W,48.0,38,79,0.481,11,30,0.367,19,27,0.704,6,42,48,21,19.0,7,7,0,26,23,106,4.0,102.0,102.9,99.6,99.0,2.5,3.9,0.553,1.11,15.8,0.205,0.843,0.547,0.184,0.551,0.583,103.2,103.0,85.83,103,0.551
170,2020-21,1610612763,MEM,Memphis Grizzlies,0022000017,2020-12-23T00:00:00,MEM vs. SAS,L,48.0,49,95,0.516,10,27,0.37,11,18,0.611,5,37,42,27,11.0,6,8,8,20,18,119,-12.0,109.3,109.2,118.3,120.2,-9.0,-11.0,0.551,2.45,18.9,0.143,0.776,0.459,0.101,0.568,0.578,109.8,109.0,90.83,109,0.452
171,2020-21,1610612761,TOR,Toronto Raptors,0022000014,2020-12-23T00:00:00,TOR vs. NOP,L,48.0,38,89,0.427,14,46,0.304,9,12,0.75,7,28,35,26,21.0,10,5,7,22,17,99,-14.0,91.4,94.3,104.8,108.7,-13.4,-14.4,0.684,1.24,17.9,0.275,0.698,0.468,0.2,0.506,0.525,108.0,104.5,87.08,105,0.399
172,2020-21,1610612752,NYK,New York Knicks,0022000011,2020-12-23T00:00:00,NYK @ IND,L,48.0,39,85,0.459,12,28,0.429,17,23,0.739,5,35,40,25,16.0,8,8,9,27,24,107,-14.0,100.8,101.9,110.2,113.1,-9.4,-11.2,0.641,1.56,18.5,0.102,0.692,0.406,0.152,0.529,0.562,107.9,106.0,88.33,105,0.437
173,2020-21,1610612755,PHI,Philadelphia 76ers,0022000013,2020-12-23T00:00:00,PHI vs. WAS,W,48.0,41,87,0.471,8,28,0.286,23,30,0.767,10,37,47,22,18.0,11,8,4,25,26,113,6.0,104.4,104.6,97.2,100.0,7.3,4.6,0.537,1.22,15.3,0.28,0.816,0.545,0.167,0.517,0.564,109.2,107.5,89.58,108,0.538
174,2020-21,1610612753,ORL,Orlando Magic,0022000012,2020-12-23T00:00:00,ORL vs. MIA,W,48.0,42,88,0.477,10,28,0.357,19,30,0.633,11,30,41,23,18.0,15,3,2,19,21,113,6.0,104.4,105.6,100.6,100.9,3.8,4.7,0.548,1.28,16.0,0.283,0.81,0.516,0.168,0.534,0.558,107.3,106.5,88.75,107,0.493
175,2020-21,1610612739,CLE,Cleveland Cavaliers,0022000010,2020-12-23T00:00:00,CLE vs. CHA,W,48.0,46,87,0.529,14,30,0.467,15,20,0.75,10,40,50,34,21.0,12,3,4,22,17,121,7.0,113.3,118.6,110.0,111.8,3.3,6.9,0.739,1.62,22.5,0.341,0.8,0.585,0.206,0.609,0.632,105.2,102.0,85.0,102,0.557
176,2020-21,1610612750,MIN,Minnesota Timberwolves,0022000018,2020-12-23T00:00:00,MIN vs. DET,W,48.0,38,88,0.432,11,41,0.268,24,28,0.857,12,36,48,25,12.0,6,5,2,16,20,111,10.0,110.6,109.9,96.6,99.0,14.0,10.9,0.658,2.08,18.0,0.255,0.765,0.51,0.119,0.494,0.553,102.4,101.5,84.58,101,0.541
177,2020-21,1610612759,SAS,San Antonio Spurs,0022000017,2020-12-23T00:00:00,SAS @ MEM,W,48.0,48,95,0.505,10,25,0.4,25,29,0.862,8,40,48,28,11.0,8,8,8,18,20,131,12.0,118.3,120.2,109.3,109.2,9.0,11.0,0.583,2.55,19.2,0.224,0.857,0.541,0.101,0.558,0.608,109.8,109.0,90.83,109,0.548
178,2020-21,1610612744,GSW,Golden State Warriors,0022000001,2020-12-22T00:00:00,GSW @ BKN,L,48.0,37,99,0.374,10,33,0.303,15,23,0.652,13,34,47,26,18.0,6,6,7,24,22,99,-26.0,86.8,88.4,110.5,111.6,-23.8,-23.2,0.703,1.44,16.9,0.281,0.685,0.466,0.161,0.424,0.454,113.6,112.0,93.33,112,0.35
179,2020-21,1610612751,BKN,Brooklyn Nets,0022000001,2020-12-22T00:00:00,BKN vs. GSW,W,48.0,42,92,0.457,15,35,0.429,26,32,0.813,13,44,57,24,20.0,11,7,6,22,24,125,26.0,110.5,111.6,86.8,88.4,23.8,23.2,0.571,1.2,15.7,0.315,0.719,0.534,0.179,0.538,0.589,113.6,112.0,93.33,112,0.65
180,2020-21,1610612747,LAL,Los Angeles Lakers,0022000002,2020-12-22T00:00:00,LAL vs. LAC,L,48.0,38,81,0.469,9,29,0.31,24,31,0.774,8,37,45,22,19.0,4,2,3,20,29,109,-7.0,103.2,104.8,109.1,111.5,-5.9,-6.7,0.579,1.16,16.2,0.25,0.731,0.51,0.183,0.525,0.576,106.0,104.0,86.67,104,0.509
181,2020-21,1610612746,LAC,LA Clippers,0022000002,2020-12-22T00:00:00,LAC @ LAL,W,48.0,44,93,0.473,14,40,0.35,14,19,0.737,11,29,40,22,16.0,10,3,2,29,20,116,7.0,109.1,111.5,103.2,104.8,5.9,6.7,0.5,1.38,15.7,0.269,0.75,0.49,0.154,0.548,0.572,106.0,104.0,86.67,104,0.491
